Ciudad,via,tipo radar,km,direccion
0.0,A-6,0,541.336,1
0.0,A-6,0,561.163,0
0.0,AC-11,0,3.129,1
0.0,AC-11,0,3.131,0
0.0,AC-110,1,18.55,18.550
0.0,AC-12,0,4.561,0
0.0,AC-12,0,8.33,1
0.0,AC-122,1,4.9,4.900
0.0,AC-133,1,10.95,10.950
0.0,AC-231,1,17.72,17.720
0.0,AC-305,1,39.7,39.700
0.0,AC-418,1,9.11,9.110
0.0,AC-441,1,18.49,18.490
0.0,AC-523,1,15.64,15.640
0.0,AC-524,1,19.81,19.810
0.0,AC-543,1,6.09,6.090
0.0,AC-543,1,31.64,31.640
0.0,AC-544,1,13.09,13.090
0.0,AC-546,1,15.07,15.070
0.0,AC-550,1,106.52,106.520
0.0,AC-552,1,31.01,31.010
0.0,AC-552,0,3.57,0
0.0,AC-552,1,88.82,88.820
0.0,AC-564,1,26.16,26.160
0.0,AC-566,1,41.78,41.780
0.0,AC-840,1,28.53,28.530
0.0,AC-840,0,14.8,0
0.0,AC-862,1,69.51,69.510
0.0,AC-862,0,37.6,0
0.0,AG-11,0,5.134,0
0.0,AG-11,0,10.852,0
0.0,AG-11,0,26.579,1
0.0,AG-11,0,20.03,1
0.0,AG-55,1,,m)
0.0,AG-64,1,,m)
0.0,AP-9,0,83.476,0
0.0,AP-9F,1,,m)
0.0,CG-1.5,1,26.78,26.780
0.0,CG-1.5,0,16.1,1
0.0,DP-1914,1,29.17,29.170
0.0,DP-1914,0,7.7,0
0.0,DP-5813,1,1.29,1.290
0.0,DP-5813,1,5.8,5.800
0.0,FE-14,0,4.249,0
0.0,N-525,1,337.6,337.600
0.0,N-547,0,87.417,0
0.0,N-547,1,88.74,88.740
0.0,N-550,0,76.925,0
0.0,N-550,1,36.908,36.908
0.0,N-550,0,55.8,1
0.0,N-550,1,,m)
0.0,N-550,1,83.32,83.320
0.0,N-634,0,680.038,0
0.0,N-634,0,695.255,0
0.0,N-634,1,688.0,688.000
0.0,N-651,1,27.67,27.670
0.0,N-VI,1,588.19,588.190
0.0,VG-1.2,1,5.81,5.810
2.0,A-30,0,49.234,0
2.0,A-31,0,50.601,0
2.0,A-31,0,127.006,0
2.0,A-31,0,137.894,1
2.0,CM-220,1,34.8,34.800
2.0,CM-3106,1,32.39,32.390
2.0,CM-3106,1,59.35,59.350
2.0,CM-3121,1,30.87,30.870
2.0,CM-313,1,65.1,65.100
2.0,CM-313,1,127.43,127.430
2.0,CM-3135,1,16.89,16.890
2.0,CM-3135,1,37.4,37.400
2.0,CM-320,1,24.3,24.300
2.0,CM-3211,1,29.91,29.910
2.0,CM-3212,1,10.28,10.280
2.0,CM-3213,1,30.22,30.220
2.0,CM-3215,1,17.09,17.090
2.0,CM-3218,1,11.88,11.880
2.0,CM-3222,1,17.96,17.960
2.0,CM-3226,1,21.96,21.960
2.0,CM-332,1,56.01,56.010
2.0,CM-400,1,44.07,44.070
2.0,CM-412,1,168.52,168.520
2.0,CM-412,1,272.75,272.750
2.0,CM-412,1,344.68,344.680
2.0,N-301,1,274.77,274.770
2.0,N-301,1,300.9,300.900
2.0,N-301,1,337.45,337.450
2.0,N-310,1,144.99,144.990
2.0,N-310,0,126.39,0
2.0,N-322,0,315.988,0
2.0,N-322,0,327.274,1
2.0,N-322,1,289.52,289.520
2.0,N-322,1,347.1,347.100
2.0,N-322,1,395.38,395.380
2.0,N-322,0,367.1,0
2.0,N-322,1,425.59,425.590
2.0,N-344,1,,m)
2.0,N-344,1,,m)
2.0,N-430,0,484.505,0
2.0,N-430,1,445.98,445.980
2.0,N-430,1,511.94,511.940
2.0,N-430,1,,m)
2.0,N-430,1,,m)
3.0,A-7,0,487.695,0
3.0,A-7,0,521.996,0
3.0,A-70,0,2.308,0
3.0,A-70,0,2.494,1
3.0,A-70,0,4.375,0
3.0,A-70,0,4.629,1
3.0,A-70,0,18.5,1
3.0,A-70,0,23.39,1
3.0,CV-70,1,48.8,48.800
3.0,CV-70,1,49.3,49.300
3.0,CV-725,1,8.13,8.130
3.0,CV-734,0,6.05,0
3.0,CV-767,1,5.46,5.460
3.0,CV-807,1,7.08,7.080
3.0,CV-809,1,5.35,5.350
3.0,CV-81,1,41.15,41.150
3.0,CV-81,1,57.0,57.000
3.0,CV-820,1,8.89,8.890
3.0,CV-83,0,7.05,1
3.0,CV-84,1,6.29,6.290
3.0,CV-855,1,9.54,9.540
3.0,CV-865,1,8.76,8.760
3.0,CV-865,1,11.74,11.740
3.0,CV-900,1,13.26,13.260
3.0,CV-904,1,6.54,6.540
3.0,CV-91,0,18.888,1
3.0,CV-91,1,18.43,18.430
3.0,CV-91,0,15.3,0
3.0,CV-95,1,22.84,22.840
3.0,N-325,1,8.17,8.170
3.0,N-332,0,54.0,0
3.0,N-332,0,46.875,0
3.0,N-332,0,46.925,1
3.0,N-332,0,91.047,0
3.0,N-332,0,140.998,1
3.0,N-332,0,141.002,0
3.0,N-332,0,149.775,1
3.0,N-332,0,151.675,0
3.0,N-332,0,171.565,1
3.0,N-332,1,134.0,134.000
3.0,N-332,0,130.9,1
3.0,N-332,1,143.44,143.440
3.0,N-332,1,147.8,147.800
3.0,N-332,1,204.54,204.540
3.0,N-332,0,173.2,0
3.0,N-332,0,203.2,0
3.0,N-332,0,204.45,1
3.0,N-332,1,42.26,42.260
3.0,N-332,1,53.89,53.890
3.0,N-332,1,54.39,54.390
3.0,N-332,0,56.25,1
3.0,N-332,0,70.95,0
3.0,N-332,0,86.05,0
3.0,N-332,1,116.21,116.210
3.0,N-338,1,3.93,3.930
3.0,N-338,1,5.15,5.150
3.0,N-340,0,687.596,0
3.0,N-340,0,694.795,1
3.0,N-340,1,708.34,708.340
3.0,N-340,1,731.04,731.040
4.0,A-1050,1,12.08,12.080
4.0,A-1101,1,25.69,25.690
4.0,A-1201,1,12.56,12.560
4.0,A-332,1,20.01,20.010
4.0,A-334,1,56.91,56.910
4.0,A-334,0,49.87,0
4.0,A-334,1,84.87,84.870
4.0,A-347,1,12.04,12.040
4.0,A-348,1,134.36,134.360
4.0,A-349,1,47.36,47.360
4.0,A-352,0,7.05,0
4.0,A-358,1,18.57,18.570
4.0,A-358,0,5.15,0
4.0,A-370,1,12.62,12.620
4.0,A-7,0,468.728,1
4.0,A-7,0,404.45,0
4.0,A-7,0,450.93,0
4.0,A-92,0,391.86,0
4.0,AL-3104,1,6.0,6.000
4.0,AL-3108,1,14.78,14.780
4.0,AL-3108,1,22.45,22.450
4.0,AL-3111,1,12.08,12.080
4.0,AL-3111,0,8.99,0
4.0,AL-3115,1,8.36,8.360
4.0,AL-3115,0,3.41,0
4.0,AL-3117,1,12.2,12.200
4.0,AL-3201,1,7.57,7.570
4.0,AL-3202,1,4.48,4.480
4.0,AL-3202,1,2.55,2.550
4.0,AL-3302,1,4.62,4.620
4.0,AL-3303,1,6.2,6.200
4.0,AL-3401,1,4.45,4.450
4.0,AL-4300,1,6.8,6.800
4.0,N-340a,1,400.65,400.650
4.0,N-340a,1,401.81,401.810
4.0,N-340a,1,438.3,438.300
4.0,N-340a,1,511.56,511.560
4.0,N-340a,0,471.85,1
4.0,N-340a,1,523.72,523.720
4.0,N-341,1,18.4,18.400
4.0,N-341,0,8.46,0
4.0,N-347,1,3.93,3.930
5.0,A-64,0,6.45,0
5.0,A-64,0,8.7,1
5.0,A-66,0,21.444,0
5.0,A-66,0,13.4,1
5.0,A-66,0,14.31,0
5.0,A-66,0,24.43,0
5.0,A-66,0,29.04,1
5.0,A-66,0,35.28,1
5.0,A-8,0,385.245,1
5.0,A-8,0,354.96,0
5.0,A-8,0,355.88,1
5.0,A-8,0,362.6,0
5.0,A-8,0,366.92,1
5.0,A-8,0,371.2,0
5.0,A-8,0,372.65,1
5.0,A-8,0,386.14,0
5.0,A-8,0,396.05,0
5.0,A-8,0,396.5,1
5.0,A-8,1,,m)
5.0,AP-66,0,66.755,1
5.0,AS-110,1,9.67,9.670
5.0,AS-112,1,16.77,16.770
5.0,AS-114,1,20.2,20.200
5.0,AS-115,1,14.1,14.100
5.0,AS-117,1,22.53,22.530
5.0,AS-118,1,11.07,11.070
5.0,AS-14,1,58.0,58.000
5.0,AS-15,1,9.24,9.240
5.0,AS-15,1,58.2,58.200
5.0,AS-15,1,35.46,35.460
5.0,AS-16,1,17.5,17.500
5.0,AS-16,0,9.5,0
5.0,AS-17,0,22.615,0
5.0,AS-17,1,19.38,19.380
5.0,AS-19,1,16.7,16.700
5.0,AS-237,1,26.13,26.130
5.0,AS-246,1,33.11,33.110
5.0,AS-248,1,19.58,19.580
5.0,AS-253,1,26.42,26.420
5.0,AS-266,1,18.71,18.710
5.0,GJ-81,0,2.025,1
5.0,N-625,1,162.1,162.100
5.0,N-630,1,48.09,48.090
5.0,N-630,1,87.08,87.080
5.0,N-632,1,42.77,42.770
5.0,N-632,0,100.4,0
5.0,N-632,1,71.6,71.600
5.0,N-632,1,160.0,160.000
5.0,N-632,0,98.75,1
5.0,N-634,1,340.0,340.000
5.0,N-634,1,361.71,361.710
5.0,N-634,1,382.16,382.160
5.0,N-634,1,400.769,400.769
5.0,N-634,1,525.03,525.030
5.0,N-640,1,11.92,11.920
6.0,AP-6,0,106.97,0
6.0,AP-6,0,108.63,1
6.0,AV-500,1,22.23,22.230
6.0,AV-502,1,19.25,19.250
6.0,AV-800,1,26.14,26.140
6.0,AV-804,1,44.92,44.920
6.0,AV-902,1,20.71,20.710
6.0,AV-905,1,35.88,35.880
6.0,CL-501,1,60.64,60.640
6.0,CL-501,0,18.8,0
6.0,CL-501,1,91.74,91.740
6.0,CL-505,1,42.02,42.020
6.0,CL-505,0,29.46,0
6.0,CL-507,1,26.24,26.240
6.0,CL-510,1,63.3,63.300
6.0,CL-605,1,82.24,82.240
6.0,CL-605,1,93.8,93.800
6.0,CL-610,1,70.55,70.550
6.0,CL-610,1,83.08,83.080
6.0,N-110,0,260.0,0
6.0,N-110,1,239.27,239.270
6.0,N-110,1,244.32,244.320
6.0,N-110,1,262.6,262.600
6.0,N-110,1,352.04,352.040
6.0,N-403,1,,m)
6.0,N-403,1,,m)
6.0,N-403,1,132.65,132.650
6.0,N-403,1,165.07,165.070
6.0,N-403,1,127.47,127.470
6.0,N-403,0,89.4,0
6.0,N-501,1,48.64,48.640
6.0,N-501,1,24.15,24.150
6.0,N-502,1,78.41,78.410
6.0,N-601,1,109.7,109.700
6.0,N-601,1,111.63,111.630
6.0,N-VI,1,110.1,110.100
6.0,N-VI,1,93.73,93.730
6.0,N-VI,1,103.76,103.760
7.0,A-5,0,366.765,1
7.0,A-5,0,332.72,0
7.0,A-5,0,379.02,0
7.0,A-66,0,657.523,0
7.0,A-66,0,685.926,1
7.0,BA-100,1,17.07,17.070
7.0,BA-154,1,4.22,4.220
7.0,EX-100,1,80.57,80.570
7.0,EX-101,1,15.36,15.360
7.0,EX-103,1,54.78,54.780
7.0,EX-104,1,78.54,78.540
7.0,EX-105,1,53.0,53.000
7.0,EX-105,1,92.32,92.320
7.0,EX-105,1,111.7,111.700
7.0,EX-107,1,24.05,24.050
7.0,EX-110,1,69.5,69.500
7.0,EX-112,1,71.41,71.410
7.0,EX-114,1,8.97,8.970
7.0,EX-202,1,34.17,34.170
7.0,EX-206,0,92.315,1
7.0,EX-206,1,102.1,102.100
7.0,EX-211,1,16.26,16.260
7.0,EX-300,1,30.92,30.920
7.0,EX-307,1,12.78,12.780
7.0,EX-310,1,23.24,23.240
7.0,EX-313,1,19.3,19.300
7.0,EX-334,1,26.91,26.910
7.0,EX-342,1,9.99,9.990
7.0,EX-A2-R1,1,4.01,4.010
7.0,N-430,0,113.174,0
7.0,N-430,1,167.21,167.210
7.0,N-432,0,111.654,0
7.0,N-432,0,142.454,1
7.0,N-432,1,19.57,19.570
7.0,N-432,0,33.31,1
7.0,N-432,1,72.18,72.180
7.0,N-432,1,,m)
7.0,N-432,1,,m)
7.0,N-435,0,68.048,0
7.0,N-435,1,70.78,70.780
7.0,N-435a,1,35.78,35.780
7.0,N-630,0,636.158,1
7.0,N-630,1,669.05,669.050
7.0,N-630,1,677.54,677.540
23.0,C-731,1,13.6,13.600
23.0,C-733,1,28.62,28.620
23.0,EI-100,0,1.73,0
23.0,EI-200,0,8.14,0
23.0,EI-30,0,0.076,1
23.0,EI-300,0,5.432,1
23.0,EI-600,0,7.957,1
23.0,EI-600,0,9.635,0
23.0,EI-700,0,15.568,1
23.0,EI-700,0,7.01,0
23.0,Ma-1,0,23.0,1
23.0,Ma-1,0,15.5,0
23.0,Ma-1,0,15.92,1
23.0,Ma-10,1,111.1,111.100
23.0,Ma-1015,1,9.6,9.600
23.0,Ma-11,1,34.5,34.500
23.0,Ma-11,1,16.91,16.910
23.0,Ma-12,0,24.109,1
23.0,Ma-12,1,31.18,31.180
23.0,Ma-13,0,8.987,1
23.0,Ma-13,0,16.139,0
23.0,Ma-13,0,46.371,0
23.0,Ma-13,1,50.5,50.500
23.0,Ma-13A,1,32.0,32.000
23.0,Ma-14,0,19.293,1
23.0,Ma-14,1,28.43,28.430
23.0,Ma-15,0,52.511,0
23.0,Ma-19,0,8.926,0
23.0,Ma-19,0,30.125,1
23.0,Ma-19,1,27.43,27.430
23.0,Ma-19A,1,26.48,26.480
23.0,Ma-2200,0,50.29,1
23.0,Ma-3011,1,31.4,31.400
23.0,Ma-3433,1,8.57,8.570
23.0,Ma-4020,0,5.206,0
23.0,Ma-4020,1,12.8,12.800
23.0,Ma-4023,1,8.15,8.150
23.0,Ma-5020,1,11.31,11.310
23.0,Ma-5120,0,6.62,0
23.0,Ma-6012,1,4.3,4.300
23.0,Ma-6014,1,30.8,30.800
23.0,Ma-6015,1,11.0,11.000
23.0,ME-1,0,20.442,0
23.0,ME-1,0,21.215,1
23.0,Me-1,1,20.92,20.920
23.0,ME-1,0,13.75,1
23.0,ME-1,0,13.8,0
23.0,Me-1,1,42.68,42.680
23.0,Me-12,1,11.0,11.000
23.0,Me-7,1,22.45,22.450
23.0,PM-801,1,4.82,4.820
23.0,PM-803,1,20.61,20.610
23.0,PM-804,1,5.15,5.150
23.0,PM-804,1,11.24,11.240
23.0,PM-810,1,5.74,5.740
23.0,PM-810,1,19.56,19.560
9.0,A-1,0,234.417,0
9.0,A-1,0,237.557,1
9.0,A-1,0,194.27,0
9.0,BU-120,1,15.5,15.500
9.0,BU-550,1,44.5,44.500
9.0,BU-910,1,14.679,14.679
9.0,BU-925,1,18.772,18.772
9.0,CL-117,1,32.94,32.940
9.0,CL-619,1,72.52,72.520
9.0,CL-628,1,7.7,7.700
9.0,CL-629,0,75.0,1
9.0,CL-629,1,46.9,46.900
9.0,CL-629,0,68.25,0
9.0,CL-629,1,104.79,104.790
9.0,CL-629,0,87.5,0
9.0,CL-629,0,99.5,1
9.0,N-120,0,67.675,1
9.0,N-120,1,125.33,125.330
9.0,N-120,1,160.66,160.660
9.0,N-120,1,166.39,166.390
9.0,N-122,1,268.79,268.790
9.0,N-122,0,262.2,Ambos
9.0,N-122,0,264.4,0
9.0,N-122,1,296.55,296.550
9.0,N-232,1,473.0,473.000
9.0,N-232,1,500.48,500.480
9.0,N-234,1,435.78,435.780
9.0,N-234,1,450.32,450.320
9.0,N-234,1,451.7,451.700
9.0,N-234,1,484.08,484.080
9.0,N-620a,1,12.38,12.380
9.0,N-622,1,76.98,76.980
9.0,N-622,1,78.89,78.890
9.0,N-622,1,79.99,79.990
9.0,N-623,0,87.2,1
9.0,N-627,1,54.31,54.310
9.0,N-627,1,68.1,68.100
9.0,N-627,0,67.1,1
9.0,N-629,0,28.79,0
9.0,N-I,0,301.0,0
9.0,N-I,1,263.9,263.900
9.0,N-I,1,277.51,277.510
9.0,N-I,0,271.7,0
9.0,N-I,1,278.22,278.220
9.0,N-I,1,321.45,321.450
9.0,N-I,0,302.68,1
9.0,N-I,0,303.8,0
10.0,A-5,0,179.125,1
10.0,A-5,0,183.82,0
10.0,A-66,0,508.074,0
10.0,CC-100,1,14.72,14.720
10.0,CC-36,1,41.7,41.700
10.0,CC-38,1,8.4,8.400
10.0,EX-100,1,37.06,37.060
10.0,EX-100,1,16.5,16.5000
10.0,EX-100,0,8.57,0
10.0,EX-102,1,50.0,50.000
10.0,EX-106,1,6.71,6.710
10.0,EX-108,0,90.759,1
10.0,EX-108,1,101.96,101.960
10.0,EX-109,1,21.5,21.500
10.0,EX-109,0,15.01,1
10.0,EX-116,1,35.0,35.000
10.0,EX-118,1,72.0,72.000
10.0,EX-119,0,2.806,1
10.0,EX-119,1,32.53,32.530
10.0,EX-203,0,22.254,0
10.0,EX-203,1,16.0,16.000
10.0,EX-203,1,7.0,7.000
10.0,EX-203,1,37.0,37.000
10.0,EX-205,1,110.38,110.380
10.0,EX-206,1,58.14,58.140
10.0,EX-207,1,5.4,5.400
10.0,EX-207,1,35.0,35.000
10.0,EX-208,1,73.0,73.000
10.0,EX-208,1,102.0,102.000
10.0,EX-303,1,13.57,13.570
10.0,EX-355,1,15.0,15.000
10.0,EX-370,1,33.0,33.000
10.0,N-110,0,384.326,0
10.0,N-110,1,384.0,384.000
10.0,N-110,1,403.0,403.000
10.0,N-521,0,53.956,0
10.0,N-521,0,91.186,1
10.0,N-521,1,41.7,41.700
10.0,N-630,1,461.74,461.740
10.0,N-630,1,474.32,474.320
10.0,N-630,1,489.01,489.010
11.0,A-2000,1,12.89,12.890
11.0,A-2001,1,6.41,6.410
11.0,A-2002,1,9.0,9.000
11.0,A-2077,1,8.84,8.840
11.0,A-2078,1,5.78,5.780
11.0,A-2100,1,12.96,12.960
11.0,A-371,1,29.68,29.680
11.0,A-372,1,11.25,11.250
11.0,A-372,1,26.06,26.060
11.0,A-373,1,4.33,4.330
11.0,A-373,1,29.0,29.000
11.0,A-373,1,8.89,8.890
11.0,A-373,1,17.41,17.410
11.0,A-374,1,8.75,8.750
11.0,A-381,0,37.3,1
11.0,A-381,0,74.7,0
11.0,A-384,0,8.075,0
11.0,A-384,1,4.62,4.620
11.0,A-384,1,37.98,37.980
11.0,A-384,1,36.65,36.650
11.0,A-384,1,48.12,48.120
11.0,A-384,1,14.39,14.390
11.0,A-390,1,3.1,3.100
11.0,A-396,1,30.21,30.210
11.0,A-4,0,645.4,1
11.0,A-408,0,2.45,0
11.0,A-471,1,54.04,54.040
11.0,A-471,1,60.3,60.300
11.0,A-491,1,6.24,6.240
11.0,A-491,1,17.52,17.520
11.0,A-491R,1,5.49,5.490
11.0,A-7,0,118.82,1
11.0,CA-31,0,0.675,1
11.0,CA-3100,1,4.02,4.020
11.0,CA-3106,1,3.04,3.040
11.0,CA-33,1,,m)
11.0,CA-33,0,3.97,0
11.0,CA-33,0,4.4,1
11.0,CA-33,1,,m)
11.0,CA-34,0,0.05,1
11.0,CA-35,1,,m)
11.0,CA-35,1,,m)
11.0,CA-36,0,3.0,0
11.0,N-340,0,70.375,0
11.0,N-340,1,40.02,40.020
11.0,N-340,1,83.01,83.010
11.0,N-340,1,102.39,102.390
11.0,N-340,0,84.86,0
11.0,N-357,0,3.013,0
11.0,N-357,0,3.515,0
11.0,N-357,0,5.528,0
11.0,N-357,0,0.45,1
11.0,N-357,0,3.91,0
11.0,N-IV,0,618.81,0
11.0,N-IV,1,627.87,627.870
12.0,A-67,0,185.05,1
12.0,A-67,0,191.68,0
12.0,A-67,0,195.4,1
12.0,A-67,0,195.68,0
12.0,A-8,0,143.7,1
12.0,A-8,0,144.48,0
12.0,A-8,0,147.5,1
12.0,A-8,0,172.85,0
12.0,CA-131,1,31.03,31.030
12.0,CA-132,1,6.03,6.030
12.0,CA-135,1,10.99,10.990
12.0,CA-141,1,30.9,30.900
12.0,CA-142,1,10.07,10.070
12.0,CA-142,1,27.04,27.040
12.0,CA-146,1,10.9,10.900
12.0,CA-147,1,7.41,7.410
12.0,CA-148,1,4.88,4.880
12.0,CA-151,1,13.87,13.870
12.0,CA-170,1,10.98,10.980
12.0,CA-171,1,21.17,21.170
12.0,CA-180,1,11.72,11.720
12.0,CA-181,1,20.07,20.070
12.0,CA-183,1,23.9,23.900
12.0,CA-185,1,23.25,23.250
12.0,CA-231,1,12.5,12.500
12.0,CA-232,1,11.86,11.860
12.0,CA-241,1,5.1,5.100
12.0,N-611,1,175.02,175.020
12.0,N-611,1,203.2,203.200
12.0,N-621,1,165.99,165.990
12.0,N-621,1,188.86,188.860
12.0,N-623,1,143.27,143.270
12.0,N-623,1,124.44,124.440
12.0,N-629,1,74.35,74.350
12.0,N-629,1,76.5,76.500
12.0,N-629,1,86.72,86.720
12.0,N-629,1,,m)
12.0,N-629,1,,m)
12.0,N-634,1,181.0,181.000
12.0,N-634,1,279.25,279.250
12.0,S-10,0,3.4,0
12.0,S-10,0,3.75,1
13.0,A-23,0,19.8,0
13.0,AP-7,0,390.675,0
13.0,AP-7,0,356.72,0
13.0,AP-7,0,374.7,1
13.0,AP-7,0,438.3,0
13.0,CV-10,0,26.925,1
13.0,CV-10,0,55.93,0
13.0,CV-10,1,69.285,69.285
13.0,CV-13,1,16.34,16.340
13.0,CV-13,1,15.98,15.980
13.0,CV-141,0,2.93,0
13.0,CV-149,0,1.4,1
13.0,CV-15,1,55.77,55.770
13.0,CV-18,1,5.597,5.597
13.0,CV-18,0,13.35,0
13.0,CV-18,1,12.346,12.346
13.0,CV-20,1,10.71,10.710
13.0,CV-20,1,13.802,13.802
13.0,N-225,0,5.088,0
13.0,N-232,1,4.89,4.890
13.0,N-232,1,20.81,20.810
13.0,N-232,1,30.91,30.910
13.0,N-232,1,46.001,46.001
13.0,N-232,1,61.201,61.201
13.0,N-234,1,24.713,24.713
13.0,N-234,1,63.6,63.600
13.0,N-238,0,5.002,0
13.0,N-238,1,7.796,7.796
13.0,N-340,0,1003.52,0
13.0,N-340,0,1010.6,0
13.0,N-340,0,1010.6,1
13.0,N-340,1,1039.13,1039.130
13.0,N-340,1,,m)
13.0,N-340,1,,m)
13.0,N-340,1,1056.849,1056.849
13.0,N-340,1,958.3,958.300
13.0,N-340,1,961.436,961.436
13.0,N-340,0,960.9,0
13.0,N-340,1,974.7,974.700
13.0,N-340,1,980.05,980.050
13.0,N-340,1,989.93,989.930
13.0,N-340,1,993.75,993.750
13.0,N-340,1,1019.01,1019.010
13.0,N-340a,0,1049.45,1
13.0,N-340a,1,972.08,972.080
14.0,A-4,0,135.641,0
14.0,A-4,0,177.5,1
14.0,A-4,0,230.8,1
14.0,A-4,0,230.8,0
14.0,CM-3012,1,8.62,8.620
14.0,CM-3102,1,33.31,33.310
14.0,CM-3107,1,46.4,46.400
14.0,CM-3109,1,5.5,5.500
14.0,CM-3109,1,54.33,54.330
14.0,CM-403,0,89.0,0
14.0,CM-403,1,88.7,88.700
14.0,CM-403,1,101.5,101.500
14.0,CM-4103,1,49.06,49.060
14.0,CM-4103,1,77.1,77.100
14.0,CM-4106,1,51.14,51.140
14.0,CM-4106,1,100.32,100.320
14.0,CM-4110,1,29.77,29.770
14.0,CM-4110,1,59.27,59.270
14.0,CM-4111,0,7.452,0
14.0,CM-4111,1,68.66,68.660
14.0,CM-4112,1,23.72,23.720
14.0,CM-412,1,154.57,154.570
14.0,CM-4120,1,31.22,31.220
14.0,CM-4124,0,22.0,1
14.0,CM-4124,0,8.004,0
14.0,CM-4126,1,9.25,9.250
14.0,CM-4126,1,18.23,18.230
14.0,CM-415,1,43.79,43.790
14.0,CM-420,0,29.155,0
14.0,CM-420,1,31.62,31.620
14.0,CM-420,1,42.5,42.500
14.0,CM-420,1,88.76,88.760
14.0,CM-4202,1,26.0,26.000
14.0,CR-1342,1,12.72,12.720
14.0,CR-501,1,11.89,11.890
14.0,CR-502,1,15.01,15.010
14.0,CR-5021,1,22.84,22.840
14.0,CR-5031,1,9.94,9.940
14.0,CR-5033,1,5.11,5.110
14.0,CR-5212,1,25.5,25.500
14.0,CR-612,1,12.03,12.030
14.0,CR-711,1,16.03,16.030
14.0,CR-721,1,36.72,36.720
14.0,N-401,0,150.203,0
14.0,N-401,1,187.19,187.190
14.0,N-401,0,178.75,1
14.0,N-420,1,188.73,188.730
14.0,N-430,0,273.979,1
14.0,N-430,0,404.783,0
14.0,N-430,1,306.74,306.740
14.0,N-430,1,362.88,362.880
14.0,N-430,1,367.45,367.450
14.0,N-430,1,419.59,419.590
14.0,N-502,1,328.69,328.690
15.0,A-304,1,16.77,16.770
15.0,A-306,1,11.27,11.270
15.0,A-3130,1,32.1,32.100
15.0,A-318,1,38.46,38.460
15.0,A-318,1,72.58,72.580
15.0,A-331,1,31.4,31.400
15.0,A-339,0,2.615,0
15.0,A-339,1,42.87,42.870
15.0,A-379,1,42.6,42.600
15.0,A-386,0,11.3,0
15.0,A-386,1,25.92,25.920
15.0,A-4,0,416.058,1
15.0,A-4,0,417.588,1
15.0,A-4,0,410.14,0
15.0,A-424,1,30.27,30.270
15.0,A-424,1,46.86,46.860
15.0,A-431,1,27.06,27.060
15.0,A-431,0,29.66,0
15.0,A-431,1,41.38,41.380
15.0,A-431,1,50.62,50.620
15.0,A-440,1,24.27,24.270
15.0,A-445,1,22.72,22.720
15.0,A-45,0,52.3,1
15.0,CH-2,1,15.6,15.600
15.0,CO-4311,1,12.43,12.430
15.0,N-331,1,46.64,46.640
15.0,N-420,1,93.16,93.160
15.0,N-432,0,264.0,0
15.0,N-432,0,194.352,1
15.0,N-432,0,219.552,1
15.0,N-432,0,302.562,1
15.0,N-432,0,310.918,1
15.0,N-432,1,201.02,201.020
15.0,N-432,1,246.48,246.480
15.0,N-432,0,245.3,0
15.0,N-432,1,264.38,264.380
15.0,N-432,1,306.56,306.560
15.0,N-432,1,328.81,328.810
15.0,N-432,1,337.06,337.060
15.0,N-432,1,340.65,340.650
15.0,N-437,1,6.74,6.740
15.0,N-502,1,391.73,391.730
15.0,N-502,0,380.5,1
15.0,N-IVa,1,398.25,398.250
16.0,A-3,0,78.357,1
16.0,A-3,0,156.57,0
16.0,A-31,0,11.635,0
16.0,A-40,0,299.452,0
16.0,CM-200,0,25.283,0
16.0,CM-200,1,18.17,18.170
16.0,CM-200,1,64.15,64.150
16.0,CM-200,1,10.93,10.930
16.0,CM-2106,1,9.0,9.000
16.0,CM-211,1,28.26,28.260
16.0,CM-211,1,33.8,33.800
16.0,CM-211,1,38.78,38.780
16.0,CM-211,1,38.9,38.900
16.0,CM-215,1,31.5,31.500
16.0,CM-220,0,92.4,1
16.0,CM-3009,1,79.05,79.050
16.0,CM-310,1,103.81,103.810
16.0,CM-310,1,87.5,87.500
16.0,CM-310,1,100.56,100.560
16.0,CM-3201,0,5.283,1
16.0,N-301,0,190.633,0
16.0,N-301,0,191.165,1
16.0,N-301,1,153.7,153.700
16.0,N-301,1,178.53,178.530
16.0,N-301,1,182.62,182.620
16.0,N-310,0,191.425,1
16.0,N-310,1,146.03,146.030
16.0,N-310,1,158.92,158.920
16.0,N-310,1,174.15,174.150
16.0,N-320,1,165.71,165.710
16.0,N-320,1,181.77,181.770
16.0,N-320,1,197.04,197.040
16.0,N-330,1,239.07,239.070
16.0,N-400,1,174.36,174.360
16.0,N-400,1,93.47,93.470
16.0,N-420,0,339.218,1
16.0,N-420,0,465.328,1
16.0,N-420,1,374.75,374.750
16.0,N-420,1,386.2,386.200
16.0,N-420,1,432.46,432.460
16.0,N-420,1,473.23,473.230
16.0,N-IIIa,1,133.0,133.000
18.0,A-308,1,25.0,25.000
18.0,A-308,1,37.04,37.040
18.0,A-308,0,34.6,0
18.0,A-315,1,103.74,103.740
18.0,A-317,1,113.26,113.260
18.0,A-325,1,41.379,41.379
18.0,A-330,1,65.11,65.110
18.0,A-334,1,17.74,17.740
18.0,A-336,1,13.021,13.021
18.0,A-338,1,9.785,9.785
18.0,A-395,0,8.723,1
18.0,A-395,0,12.34,1
18.0,A-4006,1,2.75,2.750
18.0,A-403,1,34.96,34.960
18.0,A-403R3,1,0.6,0.600
18.0,A-4050,1,36.002,36.002
18.0,A-4132,1,8.003,8.003
18.0,A-4150,1,10.81,10.810
18.0,A-4200,1,34.981,34.981
18.0,A-92,0,241.723,1
18.0,A-92,0,256.35,1
18.0,A-92N,0,9.25,0
18.0,GR-30,0,8.705,0
18.0,GR-30,0,17.565,1
18.0,GR-3303,0,3.765,1
18.0,GR-3303,0,2.65,0
18.0,GR-3312,1,5.28,5.280
18.0,GR-3405,1,3.009,3.009
18.0,GR-3424,0,2.16,1
18.0,GR-3424,1,11.612,11.612
18.0,GR-4402,1,3.957,3.957
18.0,GR-5105,1,5.06,5.060
18.0,GR-5300,1,15.322,15.322
18.0,GR-6104,1,3.55,3.550
18.0,GR-6203,1,8.81,8.810
18.0,GR-9107,1,8.51,8.510
18.0,N-323,1,189.76,189.760
18.0,N-323a,1,387.94,387.940
18.0,N-323a,1,400.44,400.440
18.0,N-340,0,339.06,1
18.0,N-340,0,347.8,0
18.0,N-340,0,358.9,0
18.0,N-340,1,375.02,375.020
18.0,N-432,1,431.82,431.820
18.0,N-432,0,422.9,0
19.0,A-2,0,122.0,1
19.0,A-2,0,53.559,1
19.0,A-2,0,136.342,0
19.0,A-2,0,50.05,0
19.0,CM-1001,1,17.23,17.230
19.0,CM-1001,1,75.2,75.200
19.0,CM-1002,1,30.86,30.860
19.0,CM-1003,1,33.96,33.960
19.0,CM-1003,1,58.55,58.550
19.0,CM-1006,1,51.62,51.620
19.0,CM-1007,1,2.87,2.870
19.0,CM-1008,1,15.15,15.150
19.0,CM-1008,1,25.17,25.170
19.0,CM-101,0,4.764,1
19.0,CM-101,1,82.47,82.470
19.0,CM-101,1,99.33,99.330
19.0,CM-110,1,43.31,43.310
19.0,CM-1101,0,12.48,1
19.0,CM-200,1,114.72,114.720
19.0,CM-2004,1,17.68,17.680
19.0,CM-2005,1,30.88,30.880
19.0,CM-2011,1,13.06,13.060
19.0,CM-2011,1,35.25,35.250
19.0,CM-2028,1,15.08,15.080
19.0,CM-2029,1,13.76,13.760
19.0,CM-2113,1,22.06,22.060
19.0,CM-2115,1,27.46,27.460
19.0,GU-203,1,6.27,6.270
19.0,N-204,1,67.8,67.800
19.0,N-211,1,60.38,60.380
19.0,N-211,1,91.47,91.470
19.0,N-320,0,241.945,0
19.0,N-320,0,306.364,0
19.0,N-320,0,310.815,1
19.0,N-320,1,220.0,220.000
19.0,N-320,1,239.21,239.210
19.0,N-320,1,269.31,269.310
19.0,N-320,1,,m)
19.0,N-320,1,,m)
19.0,N-320,1,294.81,294.810
19.0,N-320,1,,m)
19.0,N-320,1,,m)
19.0,N-320,1,316.99,316.990
21.0,A-461,1,53.93,53.930
21.0,A-472,1,35.12,35.120
21.0,A-474,1,48.01,48.010
21.0,A-481,1,10.47,10.470
21.0,A-483,1,23.91,23.910
21.0,A-483,1,27.33,27.330
21.0,A-483,1,41.32,41.320
21.0,A-483,0,37.6,1
21.0,A-484,1,16.59,16.590
21.0,A-486,1,12.9,12.900
21.0,A-49,0,50.825,1
21.0,A-49,0,46.3,0
21.0,A-492,1,3.24,3.240
21.0,A-492,0,8.6,0
21.0,A-493,1,35.93,35.930
21.0,A-494,1,7.0,7.000
21.0,A-494,0,13.03,0
21.0,A-494,1,53.57,53.570
21.0,A-494,1,27.0,27.000
21.0,A-496,1,40.3,40.300
21.0,A-497,0,11.89,1
21.0,A-497,0,2.6,0
21.0,A-497,0,3.11,1
21.0,A-5053,1,4.81,4.810
21.0,A-5054,1,9.82,9.820
21.0,H-30,0,8.502,1
21.0,H-31,0,79.93,0
21.0,HU-3300,1,3.81,3.810
21.0,HU-4403,1,13.62,13.620
21.0,HU-5101,1,13.12,13.120
21.0,HU-6102,1,9.02,9.020
21.0,N-431,1,114.45,114.450
21.0,N-431,1,134.67,134.670
21.0,N-433,1,152.57,152.570
21.0,N-433,1,,m)
21.0,N-433,1,,m)
21.0,N-435,0,199.905,0
21.0,N-435,1,169.23,169.230
21.0,N-435,0,151.5,0
21.0,N-435,1,190.04,190.040
21.0,N-435,0,178.29,1
21.0,N-435,0,180.05,0
21.0,N-435,1,222.13,222.130
21.0,N-442,1,17.87,17.870
21.0,N-445,1,3.12,3.120
21.0,N-630,1,745.87,745.870
22.0,A-1212,1,24.25,24.250
22.0,A-1213,1,17.93,17.930
22.0,A-1223,1,41.7,41.700
22.0,A-1234,1,28.49,28.490
22.0,A-1234,1,51.45,51.450
22.0,A-1240,1,11.44,11.440
22.0,A-1241,1,22.36,22.360
22.0,A-129,1,68.06,68.060
22.0,A-130,1,29.69,29.690
22.0,A-131,1,54.06,54.060
22.0,A-131,1,101.72,101.720
22.0,A-132,1,27.53,27.530
22.0,A-132,0,2.6,1
22.0,A-136,1,27.06,27.060
22.0,A-136,0,12.75,0
22.0,A-136,0,13.5,1
22.0,A-138,1,47.06,47.060
22.0,A-138,0,10.02,1
22.0,A-138,1,92.49,92.490
22.0,A-139,1,25.73,25.730
22.0,A-139,1,72.88,72.880
22.0,A-140,1,23.9,23.900
22.0,A-23,0,355.2,0
22.0,N-123,1,20.77,20.770
22.0,N-123,1,37.24,37.240
22.0,N-123,0,3.26,1
22.0,N-123a,1,42.96,42.960
22.0,N-211,0,319.025,1
22.0,N-211,1,330.18,330.180
22.0,N-230,1,64.22,64.220
22.0,N-230,0,48.25,0
22.0,N-230,1,117.36,117.360
22.0,N-240,0,202.002,0
22.0,N-240,1,211.26,211.260
22.0,N-240,0,186.83,1
22.0,N-240,0,204.3,0
22.0,N-240,0,204.9,1
22.0,N-240,1,303.0,303.000
22.0,N-240,1,316.79,316.790
22.0,N-260,0,433.795,0
22.0,N-260a,0,516.145,0
22.0,N-260a,1,517.51,517.510
22.0,N-330,0,629.605,0
22.0,N-330,0,667.435,1
22.0,N-330,0,668.655,0
22.0,N-330,0,670.101,0
22.0,N-330,0,671.745,1
22.0,N-330,1,611.83,611.830
22.0,N-330,1,632.82,632.820
22.0,N-330,0,628.09,0
22.0,N-330,1,666.38,666.380
22.0,N-II,1,431.01,431.010
22.0,N-II,0,422.15,0
24.0,A-301,1,47.3,47.300
24.0,A-302,0,13.275,0
24.0,A-302,1,13.86,13.860
24.0,A-305,1,21.87,21.870
24.0,A-306,1,57.9,57.900
24.0,A-306,0,33.8,0
24.0,A-306,0,55.87,1
24.0,A-310,1,18.65,18.650
24.0,A-311,1,33.08,33.080
24.0,A-311,0,25.5,0
24.0,A-312,1,4.87,4.870
24.0,A-312,1,61.1,61.100
24.0,A-312,0,35.9,0
24.0,A-312,1,27.51,27.510
24.0,A-312,1,80.07,80.070
24.0,A-315,1,74.9,74.900
24.0,A-316,0,4.0,1
24.0,A-316,0,92.0,1
24.0,A-316,0,59.72,1
24.0,A-316,1,96.9,96.900
24.0,A-319,0,7.7,1
24.0,A-320,1,19.83,19.830
24.0,A-321,1,16.39,16.390
24.0,A-339,1,51.12,51.120
24.0,A-4,1,,m)
24.0,A-401,1,61.21,61.210
24.0,A-401,0,20.1,0
24.0,A-403,1,10.91,10.910
24.0,A-403R1,1,3.33,3.330
24.0,A-44,0,76.373,1
24.0,A-44,0,39.01,0
24.0,A-44,0,42.6,1
24.0,A-6050,0,0.95,1
24.0,A-6178,1,27.39,27.390
24.0,JA-2321,1,11.35,11.350
24.0,JA-4102,1,10.55,10.550
24.0,JA-5102,1,2.03,2.030
24.0,N-322,1,147.51,147.510
24.0,N-322,1,246.45,246.450
24.0,N-322,0,233.1,1
24.0,N-323a,1,49.68,49.680
24.0,N-323a,1,62.72,62.720
24.0,N-432,0,384.528,0
24.0,N-432,1,389.0,389.000
24.0,N-432,1,390.67,390.670
24.0,N-432,1,399.82,399.820
24.0,N-432,0,391.7,1
24.0,N-432a,1,389.31,389.310
27.0,FV-1,1,27.85,27.850
27.0,FV-10,1,22.61,22.610
27.0,FV-101,1,14.93,14.930
27.0,FV-2,0,1.285,1
27.0,FV-2,1,23.31,23.310
27.0,FV-2,0,0.574,0
27.0,FV-2,1,39.23,39.230
27.0,FV-2,1,45.34,45.340
27.0,FV-2,1,73.46,73.460
27.0,FV-2,1,82.4,82.400
27.0,FV-20,1,20.36,20.360
27.0,FV-20,1,41.5,41.500
27.0,FV-50,1,5.29,5.290
27.0,FV-56,1,4.97,4.970
27.0,GC-1,0,42.203,0
27.0,GC-1,0,56.654,1
27.0,GC-1,0,15.1,0
27.0,GC-1,0,15.3,1
27.0,GC-1,0,5.35,1
27.0,GC-105,1,2.75,2.750
27.0,GC-110,1,6.58,6.580
27.0,GC-15,1,28.7,28.700
27.0,GC-191,1,11.99,11.990
27.0,GC-200,1,65.23,65.230
27.0,GC-21,1,38.77,38.770
27.0,GC-3,0,1.5,1
27.0,GC-3,0,4.66,0
27.0,GC-300,1,12.1,12.100
27.0,GC-31,1,3.65,3.650
27.0,GC-4,1,2.11,2.110
27.0,GC-500,1,27.28,27.280
27.0,LZ-1,1,33.04,33.040
27.0,LZ-10,1,27.52,27.520
27.0,LZ-2,0,1.215,1
27.0,LZ-2,0,1.28,0
27.0,LZ-2,1,36.75,36.750
27.0,LZ-20,1,17.45,17.450
27.0,LZ-3,1,5.06,5.060
27.0,LZ-30,0,16.625,1
27.0,LZ-30,0,18.445,0
27.0,LZ-30,0,21.615,1
27.0,LZ-56,0,5.195,0
27.0,LZ-56,0,0.88,0
27.0,LZ-56,0,3.76,1
27.0,LZ-67,1,20.25,20.250
27.0,LZ-67,1,,m)
27.0,LZ-67,1,,m)
27.0,LZ-67,1,,m)
27.0,LZ-67,1,,m)
27.0,LZ-67,1,,m)
27.0,LZ-67,1,,m)
27.0,LZ-701,1,,m)
27.0,LZ-701,1,,m)
27.0,LZ-701,1,,m)
27.0,LZ-701,1,,m)
,A-12,0,123.97,0
,A-13,0,2.48,1
,AP-68,0,174.192,0
,AP-68,0,175.9,1
,AP-68,0,78.89,1
,AP-68,0,86.1,0
,LO-20,0,14.95,1
,LR-111,1,26.71,26.710
,LR-111,1,37.72,37.720
,LR-113,1,76.41,76.410
,LR-115,1,26.97,26.970
,LR-115,1,43.3,43.300
,LR-123,1,48.88,48.880
,LR-131,1,3.82,3.820
,LR-134,1,11.14,11.140
,LR-134,1,16.74,16.740
,LR-209,1,10.89,10.890
,LR-250,0,3.484,0
,LR-250,1,4.2,4.200
,LR-250,1,58.0,58.000
,LR-254,1,6.22,6.220
,N-111,1,310.21,310.210
,N-111,1,321.4,321.400
,N-111,0,317.35,0
,N-113,1,68.18,68.180
,N-120,1,53.29,53.290
,N-232,0,441.863,0
,N-232,1,332.13,332.130
,N-232,1,347.65,347.650
,N-232,1,360.81,360.810
,N-232,1,371.5,371.500
,N-232,1,385.77,385.770
,N-232,0,371.8,1
,N-232,1,396.9,396.900
,N-232,0,392.63,1
,N-232,1,402.76,402.760
,N-232,1,420.32,420.320
,N-232,1,429.0,429.000
,N-232,1,446.63,446.630
,N-232,1,452.81,452.810
,N-232,1,467.88,467.880
28.0,A-6,0,343.0,1
28.0,A-6,0,326.173,1
28.0,A-6,0,347.911,0
28.0,A-6,0,380.719,1
28.0,A-6,0,397.638,0
28.0,A-6,0,426.677,1
28.0,A-66,0,160.573,1
28.0,A-66,0,146.63,0
28.0,A-66,0,146.65,1
28.0,AP-66,0,140.879,0
28.0,AP-66,1,,m)
28.0,CL-613,1,59.8,59.800
28.0,CL-621,1,46.32,46.320
28.0,CL-621,1,60.57,60.570
28.0,CL-621,1,30.79,30.790
28.0,CL-622,1,27.63,27.630
28.0,CL-622,1,41.7,41.700
28.0,CL-623,1,27.0,27.000
28.0,CL-624,1,18.87,18.870
28.0,CL-624,1,37.4,37.400
28.0,CL-626,1,142.4,142.400
28.0,CL-631,1,5.0,5.000
28.0,CL-631,1,45.57,45.570
28.0,LE-110,1,17.7,17.700
28.0,LE-125,1,25.2,25.200
28.0,LE-232,1,32.66,32.660
28.0,LE-311,1,25.4,25.400
28.0,LE-451,1,42.0,42.000
28.0,LE-493,1,11.42,11.420
28.0,LE-512,1,27.54,27.540
28.0,LE-713,1,15.3,15.300
28.0,N-120,0,309.0,0
28.0,N-120,1,264.72,264.720
28.0,N-120,0,311.53,1
28.0,N-120,0,312.26,0
28.0,N-120,1,334.03,334.030
28.0,N-120,1,,m)
28.0,N-120,1,,m)
28.0,N-120,1,348.69,348.690
28.0,N-120,1,437.12,437.120
28.0,N-536,1,28.0,28.000
28.0,N-601,1,288.25,288.250
28.0,N-601,1,302.46,302.460
28.0,N-601,1,309.17,309.170
28.0,N-621,1,25.49,25.490
28.0,N-625,1,61.44,61.440
28.0,N-630,1,142.52,142.520
28.0,N-630,1,,m)
28.0,N-630,1,,m)
28.0,N-630,1,177.75,177.750
28.0,N-630,1,119.7,119.700
28.0,N-VI,1,321.7,321.700
28.0,N-VI,1,348.36,348.360
28.0,N-VI,1,375.37,375.370
28.0,N-VI,1,407.0,407.000
28.0,N-VI,1,432.07,432.070
30.0,A-6,0,435.045,0
30.0,A-6,0,470.054,0
30.0,A-6,0,519.562,0
30.0,A-6,0,529.558,1
30.0,A-6,0,452.27,1
30.0,A-8,0,555.255,1
30.0,A-8,0,579.159,0
30.0,A-8,1,,m)
30.0,A-8,1,,m)
30.0,A-8,1,,m)
30.0,A-8,0,580.81,1
30.0,CG-2.1,1,1.83,1.830
30.0,CG-2.1,1,16.43,16.430
30.0,CG-2.2,1,26.8,26.800
30.0,CG-2.2,0,35.5,0
30.0,LU-111,1,18.42,18.420
30.0,LU-113,1,19.41,19.410
30.0,LU-120,1,14.45,14.450
30.0,LU-120,1,29.77,29.770
30.0,LU-160,1,19.38,19.380
30.0,LU-162,1,12.42,12.420
30.0,LU-221,1,10.39,10.390
30.0,LU-530,1,57.91,57.910
30.0,LU-540,0,35.0,0
30.0,LU-540,1,39.52,39.520
30.0,LU-541,0,14.732,0
30.0,LU-541,1,17.25,17.250
30.0,LU-546,1,21.33,21.330
30.0,LU-612,1,20.65,20.650
30.0,LU-633,1,27.46,27.460
30.0,LU-633,1,84.28,84.280
30.0,LU-636,1,30.38,30.380
30.0,LU-652,1,0.38,0.380
30.0,LU-750,1,23.72,23.720
30.0,LU-861,1,20.29,20.290
30.0,LU-862,1,99.56,99.560
30.0,N-120,0,542.009,0
30.0,N-120,1,534.96,534.960
30.0,N-120,1,549.11,549.110
30.0,N-540,1,18.61,18.610
30.0,N-540,1,25.42,25.420
30.0,N-540,1,53.28,53.280
30.0,N-540,1,68.88,68.880
30.0,N-547,1,42.59,42.590
30.0,N-640,1,22.87,22.870
30.0,N-640,1,88.13,88.130
30.0,N-642,1,54.45,54.450
30.0,N-VI,0,503.122,0
30.0,N-VI,1,441.32,441.320
30.0,N-VI,1,473.13,473.130
30.0,N-VI,1,480.72,480.720
30.0,N-VI,1,493.85,493.850
30.0,N-VI,1,494.85,494.850
30.0,N-VI,1,504.97,504.970
30.0,N-VI,1,546.41,546.410
31.0,A-1,0,24.0,1
31.0,A-1,0,22.092,0
31.0,A-1,0,14.56,0
31.0,A-2,0,15.04,0
31.0,A-2,0,15.9,1
31.0,A-3,0,16.379,0
31.0,A-3,0,20.003,1
31.0,A-3,0,48.479,1
31.0,A-3,0,41.45,1
31.0,A-4,0,12.462,0
31.0,A-4,0,13.335,1
31.0,A-4,1,,m)
31.0,A-42,0,13.605,0
31.0,A-42,0,27.367,1
31.0,A-5,0,12.532,1
31.0,A-5,0,23.004,0
31.0,A-6,0,16.722,0
31.0,A-6,0,18.27,1
31.0,A-6,0,7.75,1
31.0,AP-6,1,,m)
31.0,M-103,1,25.78,25.780
31.0,M-111,0,0.131,0
31.0,M-111,0,0.18,1
31.0,M-111,0,0.29,0
31.0,M-111,0,0.356,1
31.0,M-111,1,24.48,24.480
31.0,M-115,1,5.06,5.060
31.0,M-117,1,7.41,7.410
31.0,M-119,1,16.38,16.380
31.0,M-204,1,27.0,27.000
31.0,M-209,1,11.68,11.680
31.0,M-300,0,31.325,1
31.0,M-300,0,23.85,1
31.0,M-300,1,13.19,13.190
31.0,M-307,1,13.68,13.680
31.0,M-40,0,20.265,0
31.0,M-40,0,35.365,0
31.0,M-40,0,52.785,1
31.0,M-40,0,23.2,1
31.0,M-404,0,0.701,0
31.0,M-404,1,60.66,60.660
31.0,M-404,0,27.5,0
31.0,M-408,0,2.9,1
31.0,M-410,1,3.82,3.820
31.0,M-410,1,9.27,9.270
31.0,M-413,1,14.88,14.880
31.0,M-45,0,6.175,1
31.0,M-45,0,14.873,0
31.0,M-50,0,54.143,0
31.0,M-503,1,25.79,25.790
31.0,M-505,0,12.532,1
31.0,M-505,0,42.702,0
31.0,M-505,1,46.77,46.770
31.0,M-506,0,17.715,0
31.0,M-506,0,17.715,1
31.0,M-506,1,20.76,20.760
31.0,M-506,1,28.1,28.100
31.0,M-506,1,36.04,36.040
31.0,M-506,1,6.14,6.140
31.0,M-507,1,34.26,34.260
31.0,M-513,0,12.243,0
31.0,M-513,1,16.57,16.570
31.0,M-607,0,15.448,0
31.0,M-607,0,18.532,1
31.0,M-607,1,57.9,57.900
31.0,M-608,1,45.33,45.330
31.0,M-609,1,5.32,5.320
31.0,M-611,1,31.98,31.980
31.0,M-841,1,6.74,6.740
31.0,N-320,1,340.9,340.900
31.0,N-320,1,,m)
31.0,N-320,1,,m)
31.0,N-400,0,27.92,Ambos
31.0,N-VI,0,56.415,1
31.0,N-VI,1,56.78,56.780
31.0,N-VI,0,54.49,0
32.0,A-343,1,53.15,53.150
32.0,A-355,0,28.5,0
32.0,A-355,1,21.69,21.690
32.0,A-356,0,36.525,0
32.0,A-356,1,18.51,18.510
32.0,A-356,1,48.55,48.550
32.0,A-357,0,38.925,0
32.0,A-357,1,46.87,46.870
32.0,A-366,1,42.24,42.240
32.0,A-366,1,60.62,60.620
32.0,A-367,0,22.8,1
32.0,A-367,1,40.8,40.800
32.0,A-367,1,22.94,22.940
32.0,A-369,1,36.38,36.380
32.0,A-374,1,33.79,33.790
32.0,A-384,1,131.13,131.130
32.0,A-384,1,108.31,108.310
32.0,A-384,0,89.6,0
32.0,A-387,1,13.28,13.280
32.0,A-387,1,19.28,19.280
32.0,A-397,0,7.0,0
32.0,A-397,1,34.13,34.130
32.0,A-397,0,11.05,1
32.0,A-397,1,,m)
32.0,A-397,1,,m)
32.0,A-397,1,48.67,48.670
32.0,A-402,1,59.49,59.490
32.0,A-404,1,24.58,24.580
32.0,A-405,1,12.47,12.470
32.0,A-45,0,103.3,1
32.0,A-45,0,118.09,0
32.0,A-45,1,,m)
32.0,A-45,1,,m)
32.0,A-7,0,246.046,0
32.0,A-7,0,256.764,1
32.0,A-7,0,175.8,0
32.0,A-7,1,,m)
32.0,A-7,1,,m)
32.0,A-7,1,,m)
32.0,A-7052,0,3.5,0
32.0,A-7053,1,14.85,14.850
32.0,A-7053,0,11.1,0
32.0,A-7054,1,3.17,3.170
32.0,A-7054,1,24.92,24.920
32.0,A-7054,0,8.75,0
32.0,A-7057,1,4.2,4.200
32.0,A-7059,1,12.45,12.450
32.0,A-7075,1,51.55,51.550
32.0,A-7206,1,17.11,17.110
32.0,A-7282,1,12.9,12.900
32.0,MA-20,0,10.45,1
32.0,MA-3300,1,12.02,12.020
32.0,N-331,1,114.37,114.370
32.0,N-340,1,295.23,295.230
33.0,A-30,0,112.936,1
33.0,A-30,0,122.896,0
33.0,A-30,0,136.028,1
33.0,A-30,0,179.414,0
33.0,A-30,0,190.453,0
33.0,A-7,0,562.786,0
33.0,A-7,1,,m)
33.0,A-7,1,,m)
33.0,MU-30,0,9.06,0
33.0,N-301a,1,368.09,368.090
33.0,N-332,1,13.07,13.070
33.0,N-332,1,35.12,35.120
33.0,N-344,1,92.51,92.510
33.0,N-344,1,96.98,96.980
33.0,N-344,1,105.42,105.420
33.0,RM-11,0,12.998,1
33.0,RM-11,0,18.308,0
33.0,RM-12,0,17.537,0
33.0,RM-15,0,13.002,0
33.0,RM-19,0,17.799,0
33.0,RM-332,1,37.81,37.810
33.0,RM-332,1,67.77,67.770
33.0,RM-411,1,13.95,13.950
33.0,RM-414,1,15.53,15.530
33.0,RM-423,1,12.51,12.510
33.0,RM-515,1,28.5,28.500
33.0,RM-516,1,12.1,12.100
33.0,RM-533,1,9.62,9.620
33.0,RM-601,1,18.58,18.580
33.0,RM-602,0,5.093,1
33.0,RM-602,1,19.25,19.250
33.0,RM-603,1,18.95,18.950
33.0,RM-603,1,,m)
33.0,RM-603,1,,m)
33.0,RM-620,1,18.84,18.840
33.0,RM-711,1,48.8,48.800
33.0,RM-714,0,8.908,0
33.0,RM-714,1,10.55,10.550
33.0,RM-714,1,35.36,35.360
33.0,RM-714,1,54.71,54.710
33.0,RM-714,1,64.9,64.900
33.0,RM-730,1,41.0,41.000
33.0,RM-A5,1,11.38,11.380
33.0,RM-C1,1,16.71,16.710
33.0,RM-D11,1,10.39,10.390
33.0,RM-F30,1,6.43,6.430
33.0,RM-F35,1,16.83,16.830
33.0,RM-F36,1,5.82,5.820
33.0,RM-F36,1,13.21,13.210
34.0,A-1,0,401.561,0
34.0,A-15,0,127.67,1
34.0,AP-68,0,218.2,0
34.0,N-113,0,91.358,1
34.0,N-113,1,78.88,78.880
34.0,N-113,1,101.34,101.340
34.0,N-121,1,72.57,72.570
34.0,N-121,1,30.31,30.310
34.0,N-121a,0,25.9,1
34.0,N-121a,0,60.23,0
34.0,N-121-A,1,68.46,68.460
34.0,N-121-A,0,32.56,0
34.0,N-121C,1,4.26,4.260
34.0,N-121C,1,14.69,14.690
34.0,N-135,1,66.49,66.490
34.0,N-240A,1,20.83,20.830
34.0,NA-1110,1,28.79,28.790
34.0,NA-1110,1,13.39,13.390
34.0,NA-1120,1,8.62,8.620
34.0,NA-115,1,21.67,21.670
34.0,NA-122,1,33.5,33.500
34.0,NA-128,1,12.12,12.120
34.0,NA-132,1,74.78,74.780
34.0,NA-134,1,40.08,40.080
34.0,NA-150,1,36.86,36.860
34.0,NA-150,1,40.74,40.740
34.0,NA-160,1,15.78,15.780
34.0,NA-178,1,43.74,43.740
34.0,NA-2310,1,18.52,18.520
34.0,NA-2410,1,36.72,36.720
34.0,NA-3010,1,7.87,7.870
34.0,NA-411,1,28.54,28.540
34.0,NA-534,1,8.96,8.960
34.0,NA-624,1,12.07,12.070
34.0,NA-666,1,12.28,12.280
34.0,NA-6810,1,7.08,7.080
34.0,NA-700,1,4.5,4.500
35.0,A-52,0,170.0,1
35.0,A-52,0,123.822,0
35.0,A-52,0,162.247,1
35.0,A-52,0,193.939,1
35.0,A-52,0,222.025,0
35.0,A-52,0,251.022,0
35.0,A-52,0,254.105,1
35.0,AG-53,0,71.1,0
35.0,N-120,0,459.068,0
35.0,N-120,1,457.37,457.370
35.0,N-120,1,472.8,472.800
35.0,N-120,1,568.03,568.030
35.0,N-120,0,550.74,0
35.0,N-120,1,581.91,581.910
35.0,N-120,1,608.52,608.520
35.0,N-120a,1,574.14,574.140
35.0,N-525,1,167.46,167.460
35.0,N-525,1,192.6,192.600
35.0,N-525,1,218.89,218.890
35.0,N-525,1,237.0,237.000
35.0,N-525,1,271.67,271.670
35.0,N-525,0,244.76,1
35.0,N-525,1,,m)
35.0,N-532,1,14.79,14.790
35.0,N-536,1,53.92,53.920
35.0,N-540,1,78.57,78.570
35.0,N-541,1,27.63,27.630
35.0,N-541,1,51.14,51.140
35.0,N-541,0,29.4,0
35.0,OU-0209,1,6.23,6.230
35.0,OU-0527,1,1.47,1.470
35.0,OU-101,1,13.27,13.270
35.0,OU-105,1,5.54,5.540
35.0,OU-1105,1,0.48,0.480
35.0,OU-402,1,41.91,41.910
35.0,OU-404,1,31.78,31.780
35.0,OU-504,1,18.47,18.470
35.0,OU-504,1,28.08,28.080
35.0,OU-510,1,5.17,5.170
35.0,OU-525,0,230.694,1
35.0,OU-531,1,51.35,51.350
35.0,OU-533,1,50.11,50.110
35.0,OU-536,1,71.22,71.220
35.0,OU-540,0,6.525,0
35.0,OU-540,1,71.91,71.910
36.0,A-231,0,83.6,0
36.0,A-62,0,57.299,1
36.0,A-62,0,77.205,0
36.0,A-62,0,96.93,1
36.0,A-67,0,7.15,1
36.0,CL-612,1,21.58,21.580
36.0,CL-613,1,48.4,48.400
36.0,CL-613,1,,m)
36.0,CL-613,1,,m)
36.0,CL-613,1,,m)
36.0,CL-613,1,,m)
36.0,CL-615,1,,m)
36.0,CL-615,1,37.29,37.290
36.0,CL-615,1,,m)
36.0,CL-615,1,92.2,92.200
36.0,CL-615,1,,m)
36.0,CL-615,1,,m)
36.0,CL-619,1,15.31,15.310
36.0,CL-619,1,26.2,26.200
36.0,CL-626,1,213.52,213.520
36.0,CL-626,1,238.1,238.100
36.0,CL-627,1,29.9,29.900
36.0,N-120,1,197.24,197.240
36.0,N-610,1,36.04,36.040
36.0,N-610,0,12.69,Ambos
36.0,N-611,1,31.19,31.190
36.0,N-611,1,56.78,56.780
36.0,N-620,1,85.2,85.200
36.0,N-622,1,89.23,89.230
36.0,N-627,1,70.0,70.000
36.0,N-627,1,78.06,78.060
36.0,P-110,1,8.87,8.870
36.0,P-110,1,17.32,17.320
36.0,P-110,1,36.3,36.300
36.0,P-110,1,10.22,10.220
36.0,P-214,1,2.86,2.860
36.0,P-214,1,9.23,9.230
36.0,P-214,1,10.3,10.300
36.0,P-220,1,18.7,18.700
36.0,P-223,1,24.63,24.630
36.0,P-223,1,29.3,29.300
36.0,P-225,1,34.75,34.750
36.0,P-227,1,33.29,33.290
36.0,P-230,1,1.21,1.210
36.0,P-230,1,30.36,30.360
36.0,P-231,1,7.21,7.210
36.0,P-231,1,18.7,18.700
36.0,P-231,1,9.82,9.820
36.0,P-231,1,13.71,13.710
36.0,P-235,1,20.04,20.040
36.0,P-405,1,28.75,28.750
36.0,P-900,1,6.0,6.000
36.0,P-900,0,1.6,0
36.0,P-901,1,31.34,31.340
36.0,P-980,1,18.7,18.700
36.0,PP-2461,1,20.97,20.970
37.0,A-52,0,282.588,0
37.0,A-55,0,5.606,1
37.0,A-55,0,7.712,1
37.0,A-55,0,9.237,0
37.0,A-55,0,15.926,0
37.0,A-55,0,11.78,0
37.0,A-55,0,12.25,1
37.0,AG-41,0,4.495,0
37.0,AG-41,0,16.925,0
37.0,AP-9,0,131.385,1
37.0,AP-9,1,,m)
37.0,AP-9V,0,2.819,0
37.0,AP-9V,0,1.68,1
37.0,N-120,1,651.13,651.130
37.0,N-120,0,646.5,1
37.0,N-525,1,321.14,321.140
37.0,N-541,1,92.14,92.140
37.0,N-550,0,90.675,0
37.0,N-550,0,146.933,0
37.0,N-550,0,108.93,0
37.0,N-550,1,139.11,139.110
37.0,N-550,1,155.84,155.840
37.0,N-550,1,117.34,117.340
37.0,N-552,1,9.63,9.630
37.0,N-640,1,165.02,165.020
37.0,N-640,1,208.001,208.001
37.0,N-640,1,238.92,238.920
37.0,N-640,0,235.41,0
37.0,PO-206,1,16.32,16.320
37.0,PO-308,1,28.39,28.390
37.0,PO-313,1,16.42,16.420
37.0,PO-325,1,13.45,13.450
37.0,PO-331,1,19.05,19.050
37.0,PO-340,1,12.4,12.400
37.0,PO-344,1,12.34,12.340
37.0,PO-400,1,41.14,41.140
37.0,PO-510,1,15.77,15.770
37.0,PO-531,1,18.56,18.560
37.0,PO-533,1,21.42,21.420
37.0,PO-534,1,29.39,29.390
37.0,PO-548,1,16.26,16.260
37.0,PO-549,1,9.86,9.860
37.0,PO-551,1,14.65,14.650
37.0,PO-551,1,33.58,33.580
37.0,PO-552,1,71.72,71.720
37.0,PO-552,0,28.95,1
37.0,PO-841,1,22.15,22.150
37.0,VG-4.1,1,19.57,19.570
37.0,VG-4.4,0,7.0,0
37.0,VG-4.4,1,11.01,11.010
38.0,A-62,0,207.1,1
38.0,A-62,0,233.35,0
38.0,A-62,0,233.6,1
38.0,A-66,0,340.425,1
38.0,CL-510,1,44.44,44.440
38.0,CL-512,1,26.88,26.880
38.0,CL-512,1,13.92,13.920
38.0,CL-517,1,29.71,29.710
38.0,CL-517,1,,m)
38.0,CL-517,1,65.06,65.060
38.0,CL-517,1,,m)
38.0,CL-517,1,90.43,90.430
38.0,CL-526,1,43.21,43.210
38.0,CL-605,1,110.1,110.100
38.0,CL-610,1,97.0,97.000
38.0,N-501,0,76.8,0
38.0,N-620,1,232.38,232.380
38.0,N-620,1,249.34,249.340
38.0,N-620,1,322.26,322.260
38.0,N-620,1,351.74,351.740
38.0,N-630,1,332.27,332.270
38.0,N-630,1,340.66,340.660
38.0,N-630,1,349.26,349.260
38.0,N-630,1,357.21,357.210
38.0,N-630,0,364.95,0
38.0,N-630,0,373.95,1
38.0,SA-102,1,22.2,22.200
38.0,SA-114,1,27.67,27.670
38.0,SA-20,0,93.55,1
38.0,SA-205,1,22.3,22.300
38.0,SA-210,1,23.51,23.510
38.0,SA-220,1,52.0,52.000
38.0,SA-300,1,30.32,30.320
38.0,SA-302,1,37.58,37.580
38.0,SA-315,1,31.66,31.660
38.0,SA-315,1,66.31,66.310
38.0,SA-324,1,47.42,47.420
38.0,SA-605,1,25.44,25.440
38.0,SA-804,1,10.69,10.690
38.0,SA-810,1,31.15,31.150
,LP-1,1,102.43,102.430
,LP-2,1,52.01,52.010
,LP-3,0,20.172,0
,LP-3,1,25.9,25.900
,TF-1,0,59.271,0
,TF-1,0,13.85,1
,TF-13,1,19.58,19.580
,TF-13,0,0.51,0
,TF-13,0,0.84,1
,TF-152,1,11.59,11.590
,TF-154,1,6.71,6.710
,TF-21,1,11.76,11.760
,TF-21,1,53.35,53.350
,TF-21,1,82.62,82.620
,TF-217,1,9.27,9.270
,TF-24,1,6.07,6.070
,TF-24,1,42.88,42.880
,TF-272,1,7.12,7.120
,TF-28,1,75.5,75.500
,TF-28,1,91.32,91.320
,TF-28,1,95.16,95.160
,TF-342,1,18.73,18.730
,TF-42,1,14.43,14.430
,TF-47,1,8.33,8.330
,TF-47,1,18.73,18.730
,TF-5,0,15.009,1
,TF-5,0,20.662,0
,TF-5,1,,m)
,TF-5,1,,m)
,TF-5,1,52.67,52.670
,TF-51,1,16.91,16.910
,TF-523,1,18.11,18.110
,TF-64,1,11.46,11.460
,TF-65,1,12.09,12.090
,TF-655,1,6.75,6.750
,TF-655,1,9.46,9.460
,TF-66,1,7.81,7.810
,TF-66,1,11.69,11.690
,TF-82,1,48.29,48.290
40.0,A-1,0,138.149,0
40.0,A-1,0,125.49,1
40.0,AP-6,0,69.973,1
40.0,AP-6,1,,m)
40.0,CL-601,1,137.4,137.400
40.0,CL-602,1,111.83,111.830
40.0,CL-603,1,52.32,52.320
40.0,CL-603,1,92.14,92.140
40.0,CL-605,1,47.55,47.550
40.0,CL-607,1,7.5,7.500
40.0,N-110,0,208.0,0
40.0,N-110,0,113.195,0
40.0,N-110,1,187.21,187.210
40.0,N-110,1,125.11,125.110
40.0,N-601,0,113.3,0
40.0,N-601,1,135.72,135.720
40.0,N-603,1,70.62,70.620
40.0,N-VI,0,57.445,0
40.0,N-VI,0,59.283,1
40.0,N-VI,1,84.15,84.150
40.0,N-VI,0,71.26,1
40.0,SG-20,1,14.96,14.960
40.0,SG-205,1,29.99,29.990
40.0,SG-211,1,17.72,17.720
40.0,SG-222,1,24.7,24.700
40.0,SG-231,1,9.5,9.500
40.0,SG-232,1,22.13,22.130
40.0,SG-234,1,6.2,6.200
40.0,SG-313,1,15.0,15.000
40.0,SG-322,1,28.15,28.150
40.0,SG-333,1,19.27,19.270
40.0,SG-342,1,32.73,32.730
40.0,SG-342,1,43.05,43.050
40.0,SG-500,1,19.68,19.680
40.0,SG-723,1,8.3,8.300
40.0,SG-911,1,8.2,8.200
40.0,SG-P-2222,1,22.03,22.030
41.0,A-351,1,32.94,32.940
41.0,A-360,1,12.48,12.480
41.0,A-360,1,43.79,43.790
41.0,A-361,1,38.11,38.110
41.0,A-362,1,9.86,9.860
41.0,A-364,1,41.61,41.610
41.0,A-375,1,45.14,45.140
41.0,A-376,0,2.995,1
41.0,A-376,0,1.97,0
41.0,A-376,0,22.8,0
41.0,A-380,1,40.28,40.280
41.0,A-388,1,36.41,36.410
41.0,A-394,0,6.055,0
41.0,A-4,0,484.238,1
41.0,A-4,0,495.661,0
41.0,A-4,0,529.6,0
41.0,A-407,1,39.66,39.660
41.0,A-432,1,15.81,15.810
41.0,A-436,0,11.509,0
41.0,A-436,1,36.32,36.320
41.0,A-455,1,47.18,47.180
41.0,A-457,1,21.61,21.610
41.0,A-462,1,28.03,28.030
41.0,A-471,1,10.65,10.650
41.0,A-473,0,8.995,1
41.0,A-474,1,19.15,19.150
41.0,A-476,1,19.1,19.100
41.0,A-49,0,0.5,1
41.0,A-66,0,795.57,0
41.0,A-8005,1,15.26,15.260
41.0,A-8006,1,21.78,21.780
41.0,A-8033,1,5.69,5.690
41.0,A-8057,0,0.46,0
41.0,A-8057,0,0.67,1
41.0,A-8058,1,8.07,8.070
41.0,A-8058,0,10.17,0
41.0,A-8058,0,4.93,0
41.0,A-92,0,5.564,1
41.0,A-92,0,5.579,0
41.0,A-92,0,10.895,1
41.0,A-92,0,83.844,1
41.0,A-92,0,0.797,0
41.0,A-92,0,0.8,1
41.0,A-92,0,29.15,1
41.0,N-433,1,61.35,61.350
41.0,N-433,0,38.5,1
41.0,N-433,0,44.32,1
41.0,N-630,1,810.76,810.760
41.0,N-IV,1,571.08,571.080
41.0,N-IV,1,585.41,585.410
41.0,N-IV,1,,m)
41.0,N-IV,1,,m)
41.0,N-IV,1,606.46,606.460
41.0,N-IV,1,615.81,615.810
41.0,SE-020,0,2.738,0
41.0,SE-30,0,9.887,0
41.0,SE-30,0,11.106,1
41.0,SE-30,0,11.114,1
41.0,SE-30,0,0.446,0
41.0,SE-30,0,0.622,1
41.0,SE-30,0,10.18,1
41.0,SE-30,0,10.53,0
41.0,SE-3408,1,12.4,12.400
41.0,SE-5204,1,12.63,12.630
42.0,A-2,0,141.431,0
42.0,A-2,0,151.894,1
42.0,CL-101,1,34.12,34.120
42.0,CL-101,0,32.3,1
42.0,CL-101,1,72.31,72.310
42.0,CL-101,1,105.5,105.500
42.0,CL-116,1,47.71,47.710
42.0,CL-116,1,87.46,87.460
42.0,CL-117,1,62.05,62.050
42.0,N-110,1,90.39,90.390
42.0,N-111,1,260.26,260.260
42.0,N-111,0,237.65,1
42.0,N-113,1,62.76,62.760
42.0,N-122,0,132.756,1
42.0,N-122,1,148.08,148.080
42.0,N-122,0,142.26,0
42.0,N-122,1,209.56,209.560
42.0,N-122,0,171.65,0
42.0,N-122,1,211.38,211.380
42.0,N-122,1,218.41,218.410
42.0,N-122,1,223.01,223.010
42.0,N-122,1,247.07,247.070
42.0,N-122,1,98.2,98.200
42.0,N-234,1,320.59,320.590
42.0,N-234,1,344.71,344.710
42.0,N-234,1,,m)
42.0,N-234,1,,m)
42.0,N-234,1,379.35,379.350
42.0,N-234,1,408.4,408.400
42.0,N-234,0,406.8,0
42.0,N-IIa,1,153.8,153.800
42.0,SO-100,1,43.91,43.910
42.0,SO-20,1,22.42,22.420
42.0,SO-340,1,22.15,22.150
42.0,SO-380,1,8.1,8.100
42.0,SO-615,1,21.02,21.020
42.0,SO-615,1,48.65,48.650
42.0,SO-800,1,14.75,14.750
42.0,SO-820,1,22.13,22.130
42.0,SO-830,1,31.48,31.480
42.0,SO-920,1,33.94,33.940
44.0,A-1507,1,20.94,20.940
44.0,A-1512,1,68.58,68.580
44.0,A-1514,1,37.51,37.510
44.0,A-1515,1,15.81,15.810
44.0,A-1701,1,56.27,56.270
44.0,A-222,1,62.87,62.870
44.0,A-223,1,44.78,44.780
44.0,A-226,1,41.73,41.730
44.0,A-228,1,50.26,50.260
44.0,A-23,0,165.44,0
44.0,A-23,0,88.6,1
44.0,A-231,1,31.28,31.280
44.0,A-232,1,17.69,17.690
44.0,A-2511,1,41.4,41.400
44.0,N-211,0,228.153,1
44.0,N-211,1,129.93,129.930
44.0,N-211,1,227.2,227.200
44.0,N-211,1,239.68,239.680
44.0,N-211,1,108.39,108.390
44.0,N-232,0,169.815,1
44.0,N-232,1,137.6,137.600
44.0,N-232,0,128.95,0
44.0,N-232,1,165.04,165.040
44.0,N-232,0,137.82,1
44.0,N-232,1,186.83,186.830
44.0,N-234,0,75.808,1
44.0,N-234,0,119.66,1
44.0,N-234,1,213.39,213.390
44.0,N-234,1,92.86,92.860
44.0,N-234,1,122.0,122.000
44.0,N-330,1,301.47,301.470
44.0,N-420,0,624.882,1
44.0,N-420,0,776.975,1
44.0,N-420,1,629.74,629.740
44.0,N-420,1,656.36,656.360
44.0,N-420,1,781.68,781.680
44.0,TE-30,1,7.2,7.200
44.0,TE-V-6015,1,0.88,0.880
44.0,TE-V-8011,1,9.35,9.350
44.0,TE-V-9025,1,17.57,17.570
45.0,A-4,0,40.406,1
45.0,A-4,0,41.409,0
45.0,A-4,0,95.748,1
45.0,A-4,0,67.61,0
45.0,A-42,0,44.6,1
45.0,A-42,0,55.7,0
45.0,A-42,0,55.7,1
45.0,A-42,0,71.4,0
45.0,A-5,0,57.864,0
45.0,A-5,0,139.459,0
45.0,CM-4000,0,17.1,0
45.0,CM-4004,0,14.252,0
45.0,CM-4006,1,24.08,24.080
45.0,CM-4008,0,2.8,0
45.0,CM-401,1,92.2,92.200
45.0,CM-401,1,37.46,37.460
45.0,CM-4010,1,1.04,1.040
45.0,CM-4015,1,29.87,29.870
45.0,CM-4019,1,19.59,19.590
45.0,CM-403,1,27.4,27.400
45.0,CM-410,0,116.122,1
45.0,CM-410,1,28.43,28.430
45.0,CM-410,1,117.68,117.680
45.0,CM-42,0,39.8,1
45.0,CM-5007,0,9.932,0
45.0,M-305,0,0.7,0
45.0,N-301,0,83.401,1
45.0,N-301,0,132.537,1
45.0,N-301,1,68.78,68.780
45.0,N-301,1,83.17,83.170
45.0,N-400,1,78.3,78.300
45.0,N-401,0,111.367,1
45.0,N-401,1,149.04,149.040
45.0,N-401,0,148.28,0
45.0,N-401,1,80.3,80.300
45.0,N-401,1,83.61,83.610
45.0,N-401,0,82.6,Ambos
45.0,N-401,1,99.66,99.660
45.0,N-401,1,106.92,106.920
45.0,N-403,1,15.0,15.000
45.0,N-403,1,25.03,25.030
45.0,N-403,1,40.58,40.580
45.0,N-403,1,70.95,70.950
45.0,N-502,0,110.259,1
45.0,N-502,1,138.42,138.420
45.0,N-502,1,164.0,164.000
45.0,N-502,1,189.8,189.800
45.0,N-502,1,109.66,109.660
45.0,N-Va,1,148.15,148.150
45.0,N-Va,1,45.92,45.920
45.0,TO-1297,1,12.17,12.170
45.0,TO-1299,1,2.4,2.400
45.0,TO-2875,1,6.33,6.330
46.0,A-3,0,247.571,1
46.0,A-3,0,314.878,0
46.0,A-3,0,292.13,0
46.0,A-35,0,43.302,0
46.0,A-7,0,326.403,0
46.0,A-7,0,337.389,0
46.0,A-7,0,344.637,1
46.0,A-7,0,349.655,0
46.0,A-7,0,337.45,1
46.0,A-7,0,352.03,1
46.0,A-7,0,407.75,1
46.0,AP-7,0,478.1,0
46.0,CV-310,0,13.1,0
46.0,CV-315,1,17.92,17.920
46.0,CV-339,1,14.36,14.360
46.0,CV-345,1,9.68,9.680
46.0,CV-35,0,12.95,1
46.0,CV-35,1,,m)
46.0,CV-35,0,7.6,0
46.0,CV-370,1,28.51,28.510
46.0,CV-390,1,46.08,46.080
46.0,CV-40,1,11.03,11.030
46.0,CV-40,1,24.22,24.220
46.0,CV-405,1,10.15,10.150
46.0,CV-415,1,9.38,9.380
46.0,CV-415,1,21.41,21.410
46.0,CV-415,1,13.32,13.320
46.0,CV-42,1,22.0,22.000
46.0,CV-470,1,6.02,6.020
46.0,CV-470,1,21.2,21.200
46.0,CV-50,0,14.765,0
46.0,CV-500,1,,m)
46.0,CV-500,1,29.01,29.010
46.0,CV-500,1,,m)
46.0,CV-510,1,6.26,6.260
46.0,CV-545,1,2.07,2.070
46.0,CV-590,1,59.94,59.940
46.0,CV-60,0,8.165,1
46.0,CV-60,1,7.06,7.060
46.0,CV-60,1,,m)
46.0,CV-60,1,,m)
46.0,CV-60,1,34.88,34.880
46.0,CV-60,1,9.32,9.320
46.0,CV-60,1,22.98,22.980
46.0,CV-610,0,1.36,0
46.0,CV-660,1,26.61,26.610
46.0,CV-715,1,4.9,4.900
46.0,CV-81,0,6.35,0
46.0,N-322,1,453.9,453.900
46.0,N-330,1,170.3,170.300
46.0,N-330,1,215.62,215.620
46.0,N-330,1,130.1,130.100
46.0,N-332,0,245.0,0
46.0,N-332,0,232.202,0
46.0,N-332,1,226.12,226.120
46.0,N-332,0,223.5,0
46.0,N-332,1,251.09,251.090
46.0,N-340,1,826.41,826.410
46.0,N-344,0,126.6,0
46.0,N-III,1,263.53,263.530
46.0,V-21,0,13.55,0
46.0,V-31,0,5.25,0
47.0,A-6,0,171.092,0
47.0,A-62,0,116.347,0
47.0,A-62,0,156.043,0
47.0,A-62,0,132.45,1
47.0,CL-600,1,4.93,4.930
47.0,CL-600,1,28.01,28.010
47.0,CL-600,1,18.17,18.170
47.0,CL-602,1,29.23,29.230
47.0,CL-602,1,77.26,77.260
47.0,CL-602,1,96.2,96.200
47.0,CL-602,0,91.98,1
47.0,CL-610,1,25.38,25.380
47.0,CL-610,1,41.69,41.690
47.0,CL-610,1,59.76,59.760
47.0,CL-610,1,10.82,10.820
47.0,CL-612,1,36.43,36.430
47.0,CL-612,1,61.78,61.780
47.0,N-122,0,300.135,Ambos
47.0,N-122,1,328.96,328.960
47.0,N-122,1,343.47,343.470
47.0,N-122,0,342.25,1
47.0,N-601,0,183.675,0
47.0,N-601,1,148.35,148.350
47.0,N-601,1,175.3,175.300
47.0,N-601,0,170.53,1
47.0,N-601,1,230.3,230.300
47.0,N-601,1,,m)
47.0,N-601,1,,m)
47.0,N-601,1,259.38,259.380
47.0,N-601,1,267.94,267.940
47.0,N-601,1,270.75,270.750
47.0,N-601,1,274.9,274.900
47.0,N-610,1,45.52,45.520
47.0,N-610,1,59.75,59.750
47.0,N-620,1,181.19,181.190
47.0,VA-140,1,56.45,56.450
47.0,VA-140,1,32.35,32.350
47.0,VA-20,0,7.0,0
47.0,VA-200,1,6.7,6.700
47.0,VA-223,1,20.0,20.000
47.0,VA-900,0,2.82,1
47.0,VA-905,1,21.4,21.400
47.0,VP-4402,1,3.48,3.480
49.0,A-52,0,110.55,1
49.0,A-52,0,14.8,1
49.0,A-52,0,58.45,1
49.0,A-52,0,99.4,1
49.0,A-6,0,262.377,0
49.0,A-6,0,270.567,1
49.0,A-6,0,245.95,1
49.0,CL-527,1,72.24,72.240
49.0,CL-602,1,10.56,10.560
49.0,CL-605,1,168.82,168.820
49.0,CL-612,1,72.22,72.220
49.0,CL-612,1,117.55,117.550
49.0,N-122,1,457.5,457.500
49.0,N-122,1,465.34,465.340
49.0,N-122,1,537.33,537.330
49.0,N-122,1,,m)
49.0,N-122,1,,m)
49.0,N-525,1,50.69,50.690
49.0,N-525,1,105.61,105.610
49.0,N-525,1,113.76,113.760
49.0,N-525,1,114.6,114.600
49.0,N-525,1,77.21,77.210
49.0,N-610,1,83.47,83.470
49.0,N-630,0,261.9,1
49.0,N-630,1,283.42,283.420
49.0,N-631,1,55.78,55.780
49.0,N-VI,1,277.02,277.020
49.0,ZA-20,1,5.51,5.510
49.0,ZA-311,1,25.08,25.080
49.0,ZA-330,1,9.21,9.210
49.0,ZA-512,1,14.24,14.240
49.0,ZA-512,1,18.79,18.790
49.0,ZA-P-1304,1,48.27,48.270
49.0,ZA-P-2308,1,7.31,7.310
49.0,ZA-P-2312,1,7.76,7.760
50.0,A-121,0,2.2,0
50.0,A-122,1,41.18,41.180
50.0,A-123,0,7.9,1
50.0,A-125,1,35.98,35.980
50.0,A-126,1,54.86,54.860
50.0,A-127,1,39.82,39.820
50.0,A-127,0,22.9,1
50.0,A-2,0,308.325,0
50.0,A-2,0,202.33,0
50.0,A-2,0,232.2,0
50.0,A-2,0,272.95,1
50.0,A-2,0,297.75,0
50.0,A-2,0,313.68,1
50.0,A-220,0,1.596,0
50.0,A-220,0,9.366,0
50.0,A-220,1,37.07,37.070
50.0,A-221,1,51.57,51.570
50.0,A-221,1,82.2,82.200
50.0,A-230,1,0.59,0.590
50.0,A-230,1,33.0,33.000
50.0,A-230,1,37.2,37.200
50.0,A-68,0,246.017,0
50.0,A-68,0,248.581,1
50.0,A-68,0,255.655,0
50.0,A-68,0,263.057,0
50.0,A-68,0,269.986,0
50.0,A-68,0,250.95,1
50.0,CV-624,1,0.74,0.740
50.0,CV-661,1,4.34,4.340
50.0,N-122,1,57.74,57.740
50.0,N-122,1,85.55,85.550
50.0,N-125,1,8.49,8.490
50.0,N-125,1,,m)
50.0,N-125,1,,m)
50.0,N-125,1,10.12,10.120
50.0,N-232,0,293.875,0
50.0,N-232,1,208.62,208.620
50.0,N-232,1,287.88,287.880
50.0,N-232,1,296.78,296.780
50.0,N-234,1,256.33,256.330
50.0,N-234,1,304.04,304.040
50.0,N-330,0,456.395,1
50.0,N-330,1,440.07,440.070
50.0,N-330,1,482.7,482.700
50.0,N-330,0,505.19,1
50.0,N-330,0,508.1,0
50.0,N-330a,1,531.76,531.760
50.0,N-II,0,341.056,0
50.0,N-II,1,329.88,329.880
50.0,N-II,1,347.21,347.210
50.0,N-II,0,343.2,1
50.0,N-II,1,390.96,390.960
50.0,N-II,0,362.7,1
50.0,N-II,1,394.35,394.350
50.0,N-IIa,1,191.0,191.000
50.0,N-IIe,1,228.43,228.430
50.0,Z-40,0,15.7,1
50.0,Z-40,1,,m)
